date,open,high,low,close,volume,cap
2020-02-28,8823.25,8900.0,8445.0,8692.91,71155.208977,71155.208977
2020-02-29,8690.8,8790.0,8523.55,8523.61,36748.183035,36748.183035
2020-03-01,8523.61,8750.0,8411.0,8531.88,43892.201779,43892.201779
2020-03-02,8530.3,8965.75,8498.0,8915.24,60401.31773,60401.31773
2020-03-03,8911.18,8919.65,8651.0,8760.07,55154.997282,55154.997282
2020-03-04,8760.07,8848.29,8660.0,8750.87,38696.482578,38696.482578
2020-03-05,8750.99,9159.42,8746.54,9054.68,58201.866355,58201.866355
2020-03-06,9054.64,9170.0,8985.5,9131.88,43782.948044,43782.948044
2020-03-07,9130.89,9188.0,8835.0,8886.66,45422.204525,45422.204525
2020-03-08,8885.25,8886.76,8000.0,8033.31,77537.315166,77537.315166
2020-03-09,8034.76,8179.31,7632.01,7929.87,116968.863268,116968.863268
2020-03-10,7929.87,8149.0,7728.01,7894.56,86783.443875,86783.443875
2020-03-11,7894.57,7980.0,7590.0,7934.52,79942.411172,79942.411172
2020-03-12,7934.58,7966.17,4410.0,4800.0,261505.608653,261505.608653
2020-03-13,4800.01,5955.0,3782.13,5578.6,402201.673764,402201.673764
2020-03-14,5576.05,5640.52,5055.13,5172.06,136910.135974,136910.135974
2020-03-15,5172.48,5940.0,5093.1,5361.3,139916.146534,139916.146534
2020-03-16,5360.33,5365.42,4442.12,5028.97,227276.92276,227276.92276
2020-03-17,5028.86,5525.0,4921.45,5312.64,150089.926318,150089.926318
2020-03-18,5312.64,5436.17,5009.37,5393.04,137127.634894,137127.634894
2020-03-19,5393.26,6400.0,5252.53,6162.37,199020.873439,199020.873439
2020-03-20,6162.05,6900.0,5670.0,6208.36,219298.329514,219298.329514
2020-03-21,6204.57,6456.98,5860.02,6186.98,128913.668363,128913.668363
2020-03-22,6187.04,6407.87,5734.01,5816.19,119115.990527,119115.990527
2020-03-23,5816.05,6600.0,5688.0,6467.31,164674.215785,164674.215785
2020-03-24,6465.25,6833.0,6371.33,6744.72,151138.009878,151138.009878
2020-03-25,6744.69,6957.96,6450.0,6677.43,132155.734989,132155.734989
2020-03-26,6677.42,6780.0,6510.0,6737.36,83026.555211,83026.555211
2020-03-27,6737.27,6842.59,6261.0,6359.11,82914.968354,82914.968354
2020-03-28,6359.11,6360.0,6024.0,6236.65,93159.693429,93159.693429
2020-03-29,6236.65,6266.0,5866.56,5881.42,63311.627714,63311.627714
2020-03-30,5880.5,6599.0,5857.76,6394.38,118889.549992,118889.549992
2020-03-31,6394.45,6523.23,6321.4,6410.44,72337.595259,72337.595259
2020-04-01,6412.14,6679.94,6150.11,6642.92,97500.7524,97500.7524
2020-04-02,6643.36,7198.0,6551.0,6794.09,149299.906871,149299.906871
2020-04-03,6793.86,7048.0,6602.1,6734.1,104080.276939,104080.276939
2020-04-04,6732.97,6990.41,6650.01,6856.99,72990.861139,72990.861139
2020-04-05,6857.41,6895.54,6677.52,6772.78,49685.356983,49685.356983
2020-04-06,6772.78,7355.14,6765.0,7329.9,118052.000832,118052.000832
2020-04-07,7329.9,7459.69,7077.0,7197.32,103585.168918,103585.168918
2020-04-08,7197.32,7420.0,7150.0,7361.28,76059.145838,76059.145838
2020-04-09,7360.26,7371.92,7108.08,7283.54,61094.872417,61094.872417
2020-04-10,7283.54,7295.75,6739.98,6858.92,104674.623375,104674.623375
2020-04-11,6858.92,6944.3,6760.0,6876.83,45470.293206,45470.293206
2020-04-12,6876.84,7177.0,6780.0,6903.79,73868.666501,73868.666501
2020-04-13,6903.79,6903.79,6575.0,6837.91,96415.476573,96415.476573
2020-04-14,6838.04,6978.0,6754.28,6868.7,69068.623285,69068.623285
2020-04-15,6868.57,6933.0,6605.0,6621.24,61571.384994,61571.384994
2020-04-16,6621.25,7190.0,6468.27,7101.94,125009.857539,125009.857539
2020-04-17,7101.99,7148.12,6972.98,7027.55,54126.509763,54126.509763
2020-04-18,7026.78,7293.08,7014.4,7248.6,49488.542819,49488.542819
2020-04-19,7248.6,7266.15,7055.6,7120.74,45664.86393,45664.86393
2020-04-20,7121.4,7220.0,6751.0,6826.83,90149.49137,90149.49137
2020-04-21,6828.98,6940.0,6762.0,6841.37,60109.710808,60109.710808
2020-04-22,6841.36,7156.38,6818.0,7125.14,61486.377334,61486.377334
2020-04-23,7125.12,7738.0,7020.0,7482.39,102773.569561,102773.569561
2020-04-24,7483.96,7615.96,7388.0,7505.0,60182.119939,60182.119939
2020-04-25,7505.0,7705.0,7431.07,7538.67,43874.427726,43874.427726
2020-04-26,7539.03,7700.0,7480.0,7693.1,50522.616209,50522.616209
2020-04-27,7693.1,7792.02,7606.0,7774.62,65441.339576,65441.339576
2020-04-28,7773.51,7780.0,7659.12,7738.98,46302.752638,46302.752638
2020-04-29,7738.58,8952.89,7710.05,8778.57,183546.887514,183546.887514
2020-04-30,8778.58,9460.0,8401.0,8620.0,206277.214124,206277.214124
2020-05-01,8620.0,9059.18,8613.56,8826.96,91468.815059,91468.815059
2020-05-02,8825.67,9010.0,8753.0,8972.05,59002.08755,59002.08755
2020-05-03,8972.58,9200.0,8712.0,8894.16,90126.065643,90126.065643
2020-05-04,8894.15,8950.0,8522.0,8871.96,84418.512331,84418.512331
2020-05-05,8871.92,9118.58,8760.0,9021.83,76480.765342,76480.765342
2020-05-06,9021.36,9395.0,8906.21,9142.92,105925.30242,105925.30242
2020-05-07,9143.4,10067.0,9021.0,9986.4,147154.611378,147154.611378
2020-05-08,9986.3,10035.96,9705.0,9800.01,100683.7964,100683.7964
2020-05-09,9800.02,9914.25,9520.0,9539.4,81950.679567,81950.679567
2020-05-10,9539.1,9574.83,8117.0,8722.77,183865.182028,183865.182028
2020-05-11,8722.77,9168.0,8200.0,8561.52,168807.251832,168807.251832
2020-05-12,8562.04,8978.26,8528.78,8810.79,86522.780066,86522.780066
2020-05-13,8810.99,9398.0,8792.99,9309.37,92466.274018,92466.274018
2020-05-14,9309.35,9939.0,9256.76,9791.98,129565.37747,129565.37747
2020-05-15,9791.97,9845.62,9150.0,9316.42,115890.761516,115890.761516
2020-05-16,9315.96,9588.0,9220.0,9381.27,59587.627862,59587.627862
2020-05-17,9380.81,9888.0,9322.1,9680.04,68647.764323,68647.764323
2020-05-18,9681.11,9950.0,9464.23,9733.93,82006.603583,82006.603583
2020-05-19,9733.93,9897.21,9474.0,9775.53,78539.760454,78539.760454
2020-05-20,9775.13,9842.0,9326.0,9511.43,74923.73809,74923.73809
2020-05-21,9511.43,9578.47,8815.0,9068.65,108928.780969,108928.780969
2020-05-22,9067.51,9271.0,8933.52,9170.0,58943.131024,58943.131024
2020-05-23,9170.0,9307.85,9070.0,9179.15,43526.296966,43526.296966
2020-05-24,9179.01,9298.0,8700.0,8720.34,70379.86645,70379.86645
2020-05-25,8718.14,8979.66,8642.72,8900.35,62833.910949,62833.910949
2020-05-26,8900.35,9017.67,8700.0,8841.18,58299.770138,58299.770138
2020-05-27,8841.0,9225.0,8811.73,9204.07,68910.355514,68910.355514
2020-05-28,9204.07,9625.47,9110.0,9575.89,74110.787662,74110.787662
2020-05-29,9575.87,9605.26,9330.0,9427.07,57374.362961,57374.362961
2020-05-30,9426.6,9740.0,9331.23,9697.72,55665.27254,55665.27254
2020-05-31,9697.72,9700.0,9381.41,9448.27,48333.786403,48333.786403
2020-06-01,9448.27,10380.0,9421.67,10200.77,76649.12696,76649.12696
2020-06-02,10202.71,10228.99,9266.0,9518.04,108970.773151,108970.773151
2020-06-03,9518.02,9690.0,9365.21,9666.24,46252.644939,46252.644939
2020-06-04,9666.32,9881.63,9450.0,9789.06,57456.100969,57456.100969
2020-06-05,9788.14,9854.75,9581.0,9621.16,47788.05005,47788.05005
2020-06-06,9621.17,9735.0,9531.05,9666.3,32752.950893,32752.950893
2020-06-07,9666.85,9802.0,9372.46,9746.99,57952.848385,57952.848385
2020-06-08,9746.99,9800.0,9633.0,9782.01,40664.664125,40664.664125
2020-06-09,9782.0,9877.0,9570.0,9772.43,46024.001289,46024.001289
2020-06-10,9772.44,9992.72,9704.18,9885.0,47130.762982,47130.762982
2020-06-11,9885.22,9964.0,9113.0,9280.4,94418.98473,94418.98473
2020-06-12,9278.88,9557.12,9232.51,9465.13,50119.066932,50119.066932
2020-06-13,9464.96,9494.73,9351.0,9473.34,27759.784851,27759.784851
2020-06-14,9473.34,9480.99,9245.0,9342.1,30055.506608,30055.506608
2020-06-15,9342.1,9495.0,8910.45,9426.02,86107.924707,86107.924707
2020-06-16,9426.05,9589.0,9373.09,9525.59,52052.446927,52052.446927
2020-06-17,9526.97,9565.0,9236.61,9465.14,48046.411152,48046.411152
2020-06-18,9465.13,9489.0,9280.0,9386.32,37381.953765,37381.953765
2020-06-19,9386.32,9438.3,9215.79,9310.23,45330.983673,45330.983673
2020-06-20,9310.23,9395.0,9170.95,9358.95,30329.065384,30329.065384
2020-06-21,9358.95,9422.0,9281.54,9294.69,24316.926234,24316.926234
2020-06-22,9294.69,9780.0,9277.09,9685.69,57895.468343,57895.468343
2020-06-23,9685.69,9720.0,9577.03,9624.89,41031.02938,41031.02938
2020-06-24,9624.33,9670.0,9208.0,9296.49,61571.561464,61571.561464
2020-06-25,9298.33,9340.0,9009.69,9249.49,55831.619156,55831.619156
2020-06-26,9249.49,9298.0,9045.45,9162.21,50292.298277,50292.298277
2020-06-27,9162.21,9196.24,8833.0,9012.0,46290.930113,46290.930113
2020-06-28,9012.0,9191.0,8948.06,9116.35,30688.176421,30688.176421
2020-06-29,9116.16,9238.0,9024.67,9192.56,42120.293261,42120.293261
2020-06-30,9192.93,9205.0,9064.89,9138.55,31463.162801,31463.162801
2020-07-01,9138.08,9292.0,9080.1,9232.0,38488.528699,38488.528699
2020-07-02,9231.99,9261.96,8940.0,9086.54,45725.168076,45725.168076
2020-07-03,9086.54,9125.0,9037.47,9058.26,28943.420177,28943.420177
2020-07-04,9057.79,9190.0,9040.04,9135.46,26441.968484,26441.968484
2020-07-05,9135.0,9145.24,8893.03,9069.41,34073.653627,34073.653627
2020-07-06,9069.41,9375.0,9055.92,9344.2,54463.132277,54463.132277
2020-07-07,9342.47,9379.42,9203.0,9257.39,34587.336678,34587.336678
2020-07-08,9257.4,9470.0,9231.0,9436.06,56140.517781,56140.517781
2020-07-09,9436.06,9440.79,9160.0,9232.43,48044.450645,48044.450645
2020-07-10,9232.42,9317.48,9125.0,9288.34,38295.494006,38295.494006
2020-07-11,9288.34,9299.28,9178.25,9234.03,22561.366,22561.366
2020-07-12,9234.02,9345.0,9157.5,9302.75,30872.702286,30872.702286
2020-07-13,9303.31,9343.82,9200.89,9242.62,42740.069115,42740.069115
2020-07-14,9242.61,9279.54,9113.0,9255.85,45772.552509,45772.552509
2020-07-15,9255.85,9276.49,9160.57,9197.6,39053.579665,39053.579665
2020-07-16,9197.6,9226.15,9047.25,9133.72,43375.571191,43375.571191
2020-07-17,9133.72,9186.83,9089.81,9154.32,28054.358741,28054.358741
2020-07-18,9154.31,9219.3,9121.1,9170.28,22554.541457,22554.541457
2020-07-19,9170.3,9232.27,9101.35,9208.99,26052.019417,26052.019417
2020-07-20,9208.99,9221.52,9131.0,9160.78,35458.764082,35458.764082
2020-07-21,9160.78,9437.73,9152.8,9390.0,60413.582486,60413.582486
2020-07-22,9390.0,9544.0,9261.0,9518.16,48815.004107,48815.004107
2020-07-23,9518.16,9664.0,9440.33,9603.27,51856.2335,51856.2335
2020-07-24,9603.27,9637.0,9463.44,9537.8,43931.136205,43931.136205
2020-07-25,9538.1,9732.9,9513.0,9700.42,40679.545416,40679.545416
2020-07-26,9700.42,10111.0,9650.0,9931.54,65279.269319,65279.269319
2020-07-27,9931.54,11394.86,9917.21,11029.96,150188.933144,150188.933144
2020-07-28,11029.96,11242.23,10565.0,10906.27,97267.734187,97267.734187
2020-07-29,10906.27,11342.82,10812.0,11100.53,76838.094233,76838.094233
2020-07-30,11100.52,11170.0,10831.0,11099.61,60794.826456,60794.826456
2020-07-31,11099.79,11444.0,10960.0,11335.46,70063.660974,70063.660974
2020-08-01,11335.46,11861.0,11220.0,11801.17,85087.485126,85087.485126
2020-08-02,11801.17,12123.46,10518.5,11071.35,97553.077604,97553.077604
2020-08-03,11071.36,11473.0,10936.0,11219.81,56931.841475,56931.841475
2020-08-04,11219.68,11414.98,11000.0,11191.97,58629.113709,58629.113709
2020-08-05,11191.99,11780.93,11093.0,11744.91,74970.256852,74970.256852
2020-08-06,11744.91,11900.0,11562.5,11762.46,63529.08502,63529.08502
2020-08-07,11762.47,11909.94,11322.0,11594.23,65755.926022,65755.926022
2020-08-08,11594.36,11808.27,11512.0,11761.41,41858.16104,41858.16104
2020-08-09,11761.02,11797.11,11521.97,11681.68,41493.067342,41493.067342
2020-08-10,11681.69,12067.35,11450.0,11892.92,84952.337887,84952.337887
2020-08-11,11892.9,11935.0,11125.0,11392.08,90748.284634,90748.284634
2020-08-12,11392.09,11617.52,11150.0,11564.33,64909.613644,64909.613644
2020-08-13,11564.34,11792.96,11270.36,11780.0,70132.491502,70132.491502
2020-08-14,11779.77,11850.0,11634.03,11760.54,59818.852697,59818.852697
2020-08-15,11760.55,11980.0,11680.0,11852.4,56237.90505,56237.90505
2020-08-16,11852.4,11931.72,11686.0,11911.0,41368.236906,41368.236906
2020-08-17,11910.99,12468.0,11769.78,12281.13,84734.21154,84734.21154
2020-08-18,12281.15,12387.77,11817.93,11945.01,75923.835527,75923.835527
2020-08-19,11945.1,12020.08,11561.0,11754.59,73940.169606,73940.169606
2020-08-20,11754.38,11888.0,11668.0,11853.55,46085.254351,46085.254351
2020-08-21,11853.54,11878.0,11485.81,11531.34,64448.306142,64448.306142
2020-08-22,11531.23,11686.0,11376.81,11662.96,43678.701646,43678.701646
2020-08-23,11663.51,11718.07,11514.13,11648.13,37900.00469,37900.00469
2020-08-24,11648.12,11824.9,11585.09,11748.2,46212.391867,46212.391867
2020-08-25,11748.19,11767.85,11117.64,11318.42,69590.923272,69590.923272
2020-08-26,11318.42,11539.32,11244.0,11461.43,53998.231231,53998.231231
2020-08-27,11461.42,11592.2,11125.0,11330.38,63246.036383,63246.036383
2020-08-28,11330.38,11542.65,11276.89,11526.91,45953.908365,45953.908365
2020-08-29,11526.9,11580.02,11417.04,11465.84,32973.7992,32973.7992
2020-08-30,11465.84,11719.0,11458.0,11711.16,43177.879054,43177.879054
2020-08-31,11711.17,11800.77,11570.0,11649.51,55353.617744,55353.617744
2020-09-01,11649.51,12050.85,11515.0,11921.97,78148.193668,78148.193668
2020-09-02,11921.97,11954.57,11160.1,11388.54,87221.845602,87221.845602
2020-09-03,11388.54,11462.6,9960.8,10140.85,121950.106015,121950.106015
2020-09-04,10138.29,10627.05,9875.5,10446.25,92733.599113,92733.599113
2020-09-05,10446.25,10565.68,9825.0,10166.69,90001.605568,90001.605568
2020-09-06,10166.69,10347.14,9994.86,10256.2,56368.788815,56368.788815
2020-09-07,10255.89,10410.75,9875.0,10373.44,62620.230676,62620.230676
2020-09-08,10373.45,10438.0,9850.0,10126.65,73491.878418,73491.878418
2020-09-09,10126.66,10343.0,9981.01,10219.2,49347.113776,49347.113776
2020-09-10,10219.29,10483.35,10070.83,10336.87,58253.75375,58253.75375
2020-09-11,10336.86,10397.6,10200.0,10387.89,43830.254467,43830.254467
2020-09-12,10387.89,10477.97,10269.25,10440.92,35379.153096,35379.153096
2020-09-13,10440.67,10580.11,10200.0,10332.83,43837.609865,43837.609865
2020-09-14,10332.84,10750.0,10212.34,10671.77,67059.291361,67059.291361
2020-09-15,10671.77,10930.04,10606.48,10785.31,61822.452786,61822.452786
2020-09-16,10785.23,11093.0,10661.22,10954.01,64991.51244,64991.51244
2020-09-17,10954.01,11045.46,10745.83,10939.99,55601.614529,55601.614529
2020-09-18,10940.0,11038.03,10812.84,10933.39,47266.728275,47266.728275
2020-09-19,10933.4,11179.79,10887.37,11080.65,38440.036858,38440.036858
2020-09-20,11080.64,11080.64,10723.0,10920.28,39157.922565,39157.922565
2020-09-21,10920.28,10988.86,10296.35,10417.22,70683.431179,70683.431179
2020-09-22,10417.22,10572.71,10353.0,10529.61,43991.235476,43991.235476
2020-09-23,10529.61,10537.15,10136.82,10241.46,51876.568079,51876.568079
2020-09-24,10241.46,10795.24,10190.93,10736.32,57676.619427,57676.619427
2020-09-25,10736.33,10760.53,10556.24,10686.67,48101.117008,48101.117008
2020-09-26,10686.57,10820.94,10644.68,10728.6,28420.836659,28420.836659
2020-09-27,10728.59,10799.0,10594.82,10774.25,30549.483253,30549.483253
2020-09-28,10774.26,10950.0,10626.0,10696.12,50095.251734,50095.251734
2020-09-29,10696.11,10867.54,10635.87,10840.48,41874.898399,41874.898399
2020-09-30,10840.58,10849.34,10665.13,10776.59,39596.027322,39596.027322
2020-10-01,10776.59,10920.0,10437.0,10619.13,60866.332893,60866.332893
2020-10-02,10619.13,10664.64,10374.0,10570.4,50130.393705,50130.393705
2020-10-03,10570.4,10603.56,10496.46,10542.06,22298.221341,22298.221341
2020-10-04,10542.07,10696.87,10517.87,10666.63,23212.001595,23212.001595
2020-10-05,10666.62,10798.0,10615.64,10792.21,34025.761653,34025.761653
2020-10-06,10792.2,10800.0,10525.0,10599.66,48674.740471,48674.740471
2020-10-07,10599.65,10681.87,10546.17,10666.39,32811.990279,32811.990279
2020-10-08,10666.4,10950.0,10530.41,10925.57,51959.691572,51959.691572
2020-10-09,10925.44,11104.64,10829.0,11050.64,48240.073237,48240.073237
2020-10-10,11050.64,11491.0,11050.51,11293.22,43648.036943,43648.036943
2020-10-11,11293.22,11445.0,11221.0,11369.02,29043.851339,29043.851339
2020-10-12,11369.02,11720.01,11172.0,11528.25,52825.28371,52825.28371
2020-10-13,11528.24,11557.0,11300.0,11420.56,42205.283709,42205.283709
2020-10-14,11420.57,11547.98,11280.0,11417.89,41415.106015,41415.106015
2020-10-15,11417.89,11617.34,11250.83,11505.12,48760.717679,48760.717679
2020-10-16,11505.13,11541.15,11200.0,11319.32,48797.749502,48797.749502
2020-10-17,11319.24,11402.42,11255.0,11360.2,22368.915241,22368.915241
2020-10-18,11360.31,11505.0,11346.22,11503.14,23284.041191,23284.041191
2020-10-19,11503.14,11823.99,11407.96,11751.47,47414.534692,47414.534692
2020-10-20,11751.46,12038.38,11677.59,11909.99,62134.750663,62134.750663
2020-10-21,11910.0,13217.68,11886.95,12780.96,114584.456767,114584.456767
2020-10-22,12780.75,13185.0,12678.08,12968.52,70038.824144,70038.824144
2020-10-23,12968.84,13027.69,12720.08,12923.07,50386.999841,50386.999841
2020-10-24,12923.06,13166.73,12870.0,13111.73,35952.20907,35952.20907
2020-10-25,13111.73,13350.0,12888.0,13028.83,38481.579504,38481.579504
2020-10-26,13029.64,13238.81,12765.0,13052.19,60951.672986,60951.672986
2020-10-27,13052.15,13789.29,13019.87,13636.17,80811.01945,80811.01945
2020-10-28,13636.16,13859.48,12888.0,13266.4,94440.561226,94440.561226
2020-10-29,13266.4,13642.91,12920.77,13455.7,74872.602132,74872.602132
2020-10-30,13455.69,13669.98,13115.0,13560.1,70657.778881,70657.778881
2020-10-31,13560.1,14100.0,13411.5,13791.0,67339.238515,67339.238515
2020-11-01,13791.0,13895.0,13603.0,13761.5,36285.648526,36285.648526
2020-11-02,13761.49,13830.0,13195.05,13549.37,64566.421908,64566.421908
2020-11-03,13549.63,14066.11,13284.99,14023.53,74115.630787,74115.630787
2020-11-04,14023.53,14259.0,13525.0,14144.01,93016.988262,93016.988262
2020-11-05,14144.01,15750.0,14093.56,15590.02,143741.522673,143741.522673
2020-11-06,15590.02,15960.0,15166.0,15579.92,122618.197695,122618.197695
2020-11-07,15579.93,15753.52,14344.22,14818.3,101431.206553,101431.206553
2020-11-08,14818.3,15650.0,14703.88,15475.1,65547.178574,65547.178574
2020-11-09,15475.1,15840.0,14805.54,15328.41,108976.334134,108976.334134
2020-11-10,15328.41,15460.0,15072.46,15297.21,61681.919606,61681.919606
2020-11-11,15297.21,15965.0,15272.68,15684.24,78469.746458,78469.746458
2020-11-12,15684.25,16340.7,15440.64,16291.86,102196.356592,102196.356592
2020-11-13,16291.85,16480.0,15952.35,16320.7,75691.881014,75691.881014
2020-11-14,16320.04,16326.99,15670.0,16070.45,59116.347179,59116.347179
2020-11-15,16069.56,16180.0,15774.72,15957.0,43596.841513,43596.841513
2020-11-16,15957.0,16880.0,15864.0,16713.57,81300.675924,81300.675924
2020-11-17,16713.08,17858.82,16538.0,17659.38,115221.403102,115221.403102
2020-11-18,17659.38,18476.93,17214.45,17776.12,149019.788134,149019.788134
2020-11-19,17777.75,18179.8,17335.65,17802.82,93009.561008,93009.561008
2020-11-20,17802.81,18815.22,17740.04,18655.67,88423.018489,88423.018489
2020-11-21,18655.66,18965.9,18308.58,18703.8,75577.458394,75577.458394
2020-11-22,18703.8,18750.0,17610.86,18414.43,81645.737778,81645.737778
2020-11-23,18413.88,18766.0,18000.0,18368.0,82961.506093,82961.506093
2020-11-24,18368.01,19418.97,18018.0,19160.01,113581.509241,113581.509241
2020-11-25,19160.0,19484.21,18500.27,18719.11,93266.576887,93266.576887
2020-11-26,18718.83,18915.03,16188.0,17149.47,181005.246693,181005.246693
2020-11-27,17149.47,17457.62,16438.08,17139.52,85297.024787,85297.024787
2020-11-28,17139.53,17880.49,16865.56,17719.85,64910.69997,64910.69997
2020-11-29,17719.84,18360.05,17517.0,18184.99,55329.016303,55329.016303
2020-11-30,18185.0,19863.16,18184.99,19695.87,115463.466888,115463.466888
2020-12-01,19695.87,19888.0,18001.12,18764.96,127698.762652,127698.762652
2020-12-02,18764.96,19342.0,18330.0,19204.09,75911.013478,75911.013478
2020-12-03,19204.08,19598.0,18867.2,19421.9,66689.391279,66689.391279
2020-12-04,19422.34,19527.0,18565.31,18650.52,71283.6682,71283.6682
2020-12-05,18650.51,19177.0,18500.0,19147.66,42922.748573,42922.748573
2020-12-06,19147.66,19420.0,18857.0,19359.4,37043.091861,37043.091861
2020-12-07,19358.67,19420.91,18902.88,19166.9,41372.296293,41372.296293
2020-12-08,19166.9,19294.84,18200.0,18324.11,61626.947614,61626.947614
2020-12-09,18324.11,18639.57,17650.0,18541.28,79585.553801,79585.553801
2020-12-10,18541.29,18557.32,17911.12,18254.63,52890.675094,52890.675094
2020-12-11,18254.81,18292.73,17572.33,18036.53,72610.724259,72610.724259
2020-12-12,18036.53,18948.66,18020.7,18808.69,49519.978432,49519.978432
2020-12-13,18808.69,19411.0,18711.12,19174.99,56560.821744,56560.821744
2020-12-14,19174.99,19349.0,19000.0,19273.14,47257.201294,47257.201294
2020-12-15,19273.69,19570.0,19050.0,19426.43,61834.366011,61834.366011
2020-12-16,19426.43,21560.0,19278.6,21335.52,114306.33557,114306.33557
2020-12-17,21335.52,23800.0,21230.0,22797.16,184882.476748,184882.476748
2020-12-18,22797.15,23285.18,22350.0,23107.39,79646.134315,79646.134315
2020-12-19,23107.39,24171.47,22750.0,23821.61,86045.064677,86045.064677
2020-12-20,23821.6,24295.0,23060.0,23455.52,76690.145685,76690.145685
2020-12-21,23455.54,24102.77,21815.0,22719.71,88030.297243,88030.297243
2020-12-22,22719.88,23837.1,22353.4,23810.79,87033.12616,87033.12616
2020-12-23,23810.79,24100.0,22600.0,23232.76,119047.259733,119047.259733
2020-12-24,23232.39,23794.43,22703.42,23729.2,69013.834252,69013.834252
2020-12-25,23728.99,24789.86,23433.6,24712.47,79519.943569,79519.943569
2020-12-26,24712.47,26867.03,24500.0,26493.39,97806.513386,97806.513386
2020-12-27,26493.4,28422.0,25700.0,26281.66,148455.586214,148455.586214
2020-12-28,26281.54,27500.0,26101.0,27079.41,79721.742496,79721.742496
2020-12-29,27079.42,27410.0,25880.0,27385.0,69411.592606,69411.592606
2020-12-30,27385.0,28996.0,27320.0,28875.54,95356.057826,95356.057826
2020-12-31,28875.55,29300.0,27850.0,28923.63,75508.505152,75508.505152
2021-01-01,28923.63,29600.0,28624.57,29331.69,54182.925011,54182.925011
2021-01-02,29331.7,33300.0,28946.53,32178.33,129993.873362,129993.873362
2021-01-03,32176.45,34778.11,31962.99,33000.05,120957.56675,120957.56675
2021-01-04,33000.05,33600.0,28130.0,31988.71,140899.88569,140899.88569
2021-01-05,31989.75,34360.0,29900.0,33949.53,116049.997038,116049.997038
2021-01-06,33949.53,36939.21,33288.0,36769.36,127139.20131,127139.20131
2021-01-07,36769.36,40365.0,36300.0,39432.28,132825.700437,132825.700437
2021-01-08,39432.48,41950.0,36500.0,40582.81,139789.957499,139789.957499
2021-01-09,40586.96,41380.0,38720.0,40088.22,75785.979675,75785.979675
2021-01-10,40088.22,41350.0,35111.11,38150.02,118209.544503,118209.544503
2021-01-11,38150.02,38264.74,30420.0,35404.47,251156.138287,251156.138287
2021-01-12,35410.37,36628.0,32531.0,34051.24,133948.151996,133948.151996
2021-01-13,34049.15,37850.0,32380.0,37371.38,124477.914938,124477.914938
2021-01-14,37371.38,40100.0,36701.23,39144.5,102950.389421,102950.389421
2021-01-15,39145.21,39747.76,34408.0,36742.22,118300.920916,118300.920916
2021-01-16,36737.43,37950.0,35357.8,35994.98,86348.431508,86348.431508
2021-01-17,35994.98,36852.5,33850.0,35828.61,80157.727384,80157.727384
2021-01-18,35824.99,37469.83,34800.0,36631.27,70698.11875,70698.11875
2021-01-19,36622.46,37850.0,35844.06,35891.49,79611.307769,79611.307769
2021-01-20,35901.94,36415.31,33400.0,35468.23,89368.422918,89368.422918
2021-01-21,35468.23,35600.0,30071.0,30850.13,135004.076658,135004.076658
2021-01-22,30851.99,33826.53,28850.0,32945.17,142971.684049,142971.684049
2021-01-23,32950.0,33456.0,31390.16,32078.0,64595.287675,64595.287675
2021-01-24,32078.0,33071.0,30900.0,32259.9,57978.037966,57978.037966
2021-01-25,32259.45,34875.0,31910.0,32254.2,88499.226921,88499.226921
2021-01-26,32254.19,32921.88,30837.37,32467.77,84972.20691,84972.20691
2021-01-27,32464.01,32557.29,29241.72,30366.15,95911.961711,95911.961711
2021-01-28,30362.19,33783.98,29842.1,33364.86,92621.145617,92621.145617
2021-01-29,33368.18,38531.9,31915.4,34252.2,231827.005626,231827.005626
2021-01-30,34246.28,34933.0,32825.0,34262.88,84889.68134,84889.68134
2021-01-31,34262.89,34342.69,32171.67,33092.98,68742.280384,68742.280384
2021-02-01,33092.97,34717.27,32296.16,33526.37,82718.276882,82718.276882
2021-02-02,33517.09,35984.33,33418.0,35466.24,78056.65988,78056.65988
2021-02-03,35472.71,37662.63,35362.38,37618.87,80784.333663,80784.333663
2021-02-04,37620.26,38708.27,36161.95,36936.66,92080.735898,92080.735898
2021-02-05,36936.65,38310.12,36570.0,38290.24,66681.334275,66681.334275
2021-02-06,38289.32,40955.51,38215.94,39186.94,98757.311183,98757.311183
2021-02-07,39181.01,39700.0,37351.0,38795.69,84363.679763,84363.679763
2021-02-08,38795.69,46794.45,37988.89,46374.87,138597.536914,138597.536914
2021-02-09,46374.86,48142.19,44961.09,46420.42,115499.861712,115499.861712
2021-02-10,46420.42,47310.0,43727.0,44807.58,97154.1822,97154.1822
2021-02-11,44807.58,48678.9,43994.02,47969.51,89561.081454,89561.081454
2021-02-12,47968.66,48985.8,46125.0,47287.6,85870.035697,85870.035697
2021-02-13,47298.15,48150.0,46202.53,47153.69,63768.097399,63768.097399
2021-02-14,47156.78,49707.43,47014.17,48577.79,73735.475533,73735.475533
2021-02-15,48580.47,49010.92,45570.79,47911.1,79398.156784,79398.156784
2021-02-16,47911.1,50689.18,47003.62,49133.45,88813.266298,88813.266298
2021-02-17,49133.45,52618.74,48947.0,52119.71,85743.637818,85743.637818
2021-02-18,52117.67,52530.0,50901.9,51552.6,60758.046954,60758.046954
2021-02-19,51552.61,56368.0,50710.2,55906.0,79659.77802,79659.77802
2021-02-20,55906.0,57700.46,53863.93,55841.19,80948.205314,80948.205314
2021-02-21,55841.19,58352.8,55477.59,57408.57,58166.708511,58166.708511
2021-02-22,57412.35,57508.47,47622.0,54087.67,134019.434944,134019.434944
2021-02-23,54087.67,54183.59,44892.56,48891.0,169375.025051,169375.025051
2021-02-24,48891.0,51374.99,46988.69,49676.2,91881.209252,91881.209252
2021-02-25,49676.21,52041.73,46674.34,47073.73,83310.673121,83310.673121
2021-02-26,47073.73,48424.11,44106.78,46276.87,109423.200663,109423.200663
2021-02-27,46276.88,48394.0,45000.0,46106.43,66060.834292,66060.834292
2021-02-28,46103.67,46638.46,43000.0,45135.66,83055.369042,83055.369042
2021-03-01,45134.11,49790.0,44950.53,49587.03,85086.111648,85086.111648
2021-03-02,49595.76,50200.0,47047.6,48440.65,64221.06214,64221.06214
2021-03-03,48436.61,52640.0,48100.71,50349.37,81035.913705,81035.913705
2021-03-04,50349.37,51773.88,47500.0,48374.09,82649.716829,82649.716829
2021-03-05,48374.09,49448.93,46300.0,48751.71,78192.496372,78192.496372
2021-03-06,48746.81,49200.0,47070.0,48882.2,44399.234242,44399.234242
2021-03-07,48882.2,51450.03,48882.2,50971.75,55235.028032,55235.028032
2021-03-08,50959.11,52402.78,49274.67,52375.17,66987.359664,66987.359664
2021-03-09,52375.18,54895.0,51789.41,54884.5,71656.737076,71656.737076
2021-03-10,54874.67,57387.69,53005.0,55851.59,84749.238943,84749.238943
2021-03-11,55851.59,58150.0,54272.82,57773.16,81914.812859,81914.812859
2021-03-12,57773.15,58081.51,54962.84,57221.72,73405.406047,73405.406047
2021-03-13,57221.72,61844.0,56078.23,61188.39,83245.091346,83245.091346
2021-03-14,61188.38,61724.79,58966.78,58968.31,52601.05275,52601.05275
2021-03-15,58976.08,60633.43,54600.0,55605.2,102771.427298,102771.427298
2021-03-16,55605.2,56938.29,53271.34,56900.75,77986.694355,77986.694355
2021-03-17,56900.74,58974.73,54123.69,58912.97,70421.620841,70421.620841
2021-03-18,58912.97,60129.97,57023.0,57648.16,66580.406675,66580.406675
2021-03-19,57641.0,59468.0,56270.74,58030.01,52392.652961,52392.652961
2021-03-20,58030.01,59880.0,57820.17,58102.28,44476.941776,44476.941776
2021-03-21,58100.02,58589.1,55450.11,57351.56,48564.470274,48564.470274
2021-03-22,57351.56,58430.73,53650.0,54083.25,62581.626169,62581.626169
2021-03-23,54083.25,55830.9,53000.0,54340.89,59789.365427,59789.365427
2021-03-24,54342.8,57200.0,51700.0,52303.65,83537.465021,83537.465021
2021-03-25,52303.66,53287.0,50427.56,51293.78,87400.534538,87400.534538
2021-03-26,51293.78,55073.46,51214.6,55025.59,63813.774692,63813.774692
2021-03-27,55025.59,56700.36,53950.0,55817.14,50105.475055,50105.475055
2021-03-28,55817.14,56559.75,54691.84,55777.63,39050.387511,39050.387511
2021-03-29,55777.65,58405.82,54800.01,57635.47,67857.937398,67857.937398
2021-03-30,57635.46,59368.0,57071.35,58746.57,55122.443122,55122.443122
2021-03-31,58746.57,59800.0,56769.0,58740.55,60975.542666,60975.542666
2021-04-01,58739.46,59490.0,57935.45,58720.44,47415.61722,47415.61722
2021-04-02,58720.45,60200.0,58428.57,58950.01,47382.418781,47382.418781
2021-04-03,58950.01,59791.72,56880.0,57051.94,47409.852113,47409.852113
2021-04-04,57051.95,58492.85,56388.0,58202.01,41314.081973,41314.081973
2021-04-05,58202.01,59272.0,56777.77,59129.99,54258.01579,54258.01579
2021-04-06,59129.99,59495.24,57413.02,57991.15,54201.000727,54201.000727
2021-04-07,57990.03,58655.0,55473.0,55953.45,71228.405659,71228.405659
2021-04-08,55953.44,58153.31,55700.0,58077.52,44283.147019,44283.147019
2021-04-09,58077.52,58894.9,57654.0,58142.54,40831.884911,40831.884911
2021-04-10,58142.55,61500.0,57900.01,59769.13,69906.424117,69906.424117
2021-04-11,59769.13,60699.0,59232.52,60002.43,41156.715391,41156.715391
2021-04-12,59998.8,61300.0,59350.59,59860.0,56375.037117,56375.037117
2021-04-13,59860.01,63777.77,59805.15,63575.0,82848.688746,82848.688746
2021-04-14,63575.01,64854.0,61301.0,62959.53,82616.343993,82616.343993
2021-04-15,62959.53,63800.0,62020.0,63159.98,51649.70034,51649.70034
2021-04-16,63158.74,63520.61,60000.0,61334.8,91764.139884,91764.139884
2021-04-17,61334.81,62506.05,59580.91,60006.66,58912.256128,58912.256128
2021-04-18,60006.67,60499.0,50931.3,56150.01,124882.131824,124882.131824
2021-04-19,56150.01,57526.81,54221.58,55633.14,78229.042267,78229.042267
2021-04-20,55633.14,57076.24,53329.96,56425.0,72744.482151,72744.482151
2021-04-21,56425.0,56757.91,53536.02,53787.63,66984.756909,66984.756909
2021-04-22,53787.62,55521.48,50500.0,51690.96,104656.631337,104656.631337
2021-04-23,51690.95,52131.85,47500.0,51125.14,132230.780719,132230.780719
2021-04-24,51110.56,51166.22,48657.14,50047.84,55361.512573,55361.512573
2021-04-25,50047.84,50567.91,46930.0,49066.77,58255.645004,58255.645004
2021-04-26,49066.76,54356.62,48753.44,54001.39,86310.802124,86310.802124
2021-04-27,54001.38,55460.0,53222.0,55011.97,54064.034675,54064.034675
2021-04-28,55011.97,56428.0,53813.16,54846.22,55130.459015,55130.459015
2021-04-29,54846.23,55195.84,52330.94,53555.0,52486.019455,52486.019455
2021-04-30,53555.0,57963.0,53013.01,57694.27,68578.910045,68578.910045
2021-05-01,57697.25,58458.07,56956.14,57800.37,42600.351836,42600.351836
2021-05-02,57797.35,57911.02,56035.25,56578.21,36812.878863,36812.878863
2021-05-03,56578.21,58981.44,56435.0,57169.39,57649.931286,57649.931286
2021-05-04,57169.39,57200.0,53046.69,53200.01,85324.625903,85324.625903
2021-05-05,53205.05,58069.82,52900.0,57436.11,77263.923439,77263.923439
2021-05-06,57436.11,58360.0,55200.0,56393.68,70181.671908,70181.671908
2021-05-07,56393.68,58650.0,55241.63,57314.75,74542.747829,74542.747829
2021-05-08,57315.49,59500.0,56900.0,58862.05,69709.906028,69709.906028
2021-05-09,58866.53,59300.0,56235.66,58240.84,69806.11991,69806.11991
2021-05-10,58240.83,59500.0,53400.0,55816.14,89586.34925,89586.34925
2021-05-11,55816.14,56862.43,54370.0,56670.02,64329.54055,64329.54055
2021-05-12,56670.02,58000.01,48600.0,49631.32,99842.789836,99842.789836
2021-05-13,49537.15,51367.19,46000.0,49670.97,147332.002121,147332.002121
2021-05-14,49671.92,51483.0,48799.75,49841.45,80082.204306,80082.204306
2021-05-15,49844.16,50700.0,46555.0,46762.99,89437.449359,89437.449359
2021-05-16,46762.99,49795.89,43825.39,46431.5,114269.812775,114269.812775
2021-05-17,46426.83,46686.0,42001.0,43538.04,166657.172736,166657.172736
2021-05-18,43538.02,45799.29,42250.02,42849.78,116979.860784,116979.860784
2021-05-19,42849.78,43584.9,30000.0,36690.09,354347.243161,354347.243161
2021-05-20,36671.23,42451.67,34850.0,40526.64,203017.596923,203017.596923
2021-05-21,40525.39,42200.0,33488.0,37252.01,202100.888258,202100.888258
2021-05-22,37263.35,38829.0,35200.62,37449.73,126542.243689,126542.243689
2021-05-23,37458.51,38270.64,31111.01,34655.25,217136.046593,217136.046593
2021-05-24,34681.44,39920.0,34031.0,38796.29,161630.893971,161630.893971
2021-05-25,38810.99,39791.77,36419.62,38324.72,111996.228404,111996.228404
2021-05-26,38324.72,40841.0,37800.44,39241.91,104780.773396,104780.773396
2021-05-27,39241.92,40411.14,37134.27,38529.98,86547.158794,86547.158794
2021-05-28,38529.99,38877.83,34684.0,35663.49,135377.62972,135377.62972
2021-05-29,35661.79,37338.58,33632.76,34605.15,112663.092689,112663.092689
2021-05-30,34605.15,36488.0,33379.0,35641.27,73535.386967,73535.386967
2021-05-31,35641.26,37499.0,34153.84,37253.81,94160.735289,94160.735289
2021-06-01,37253.82,37894.81,35666.0,36693.09,81234.66377,81234.66377
2021-06-02,36694.85,38225.0,35920.0,37568.68,67587.372495,67587.372495
2021-06-03,37568.68,39476.0,37170.0,39246.79,75889.106011,75889.106011
2021-06-04,39246.78,39289.07,35555.15,36829.0,91317.799245,91317.799245
2021-06-05,36829.15,37925.0,34800.0,35513.2,70459.62149,70459.62149
2021-06-06,35516.07,36480.0,35222.0,35796.31,47650.206637,47650.206637
2021-06-07,35796.31,36900.0,33300.0,33552.79,77574.952573,77574.952573
2021-06-08,33556.96,34068.01,31000.0,33380.81,123251.189037,123251.189037
2021-06-09,33380.8,37534.79,32396.82,37388.05,136607.597517,136607.597517
2021-06-10,37388.05,38491.0,35782.0,36675.72,109527.284943,109527.284943
2021-06-11,36677.83,37680.4,35936.77,37331.98,78466.0053,78466.0053
2021-06-12,37331.98,37463.63,34600.36,35546.11,87717.54999,87717.54999
2021-06-13,35546.12,39380.0,34757.0,39020.57,86921.025555,86921.025555
2021-06-14,39020.56,41064.05,38730.0,40516.29,108522.391949,108522.391949
2021-06-15,40516.28,41330.0,39506.4,40144.04,80679.622838,80679.622838
2021-06-16,40143.8,40527.14,38116.01,38349.01,87771.976937,87771.976937
2021-06-17,38349.0,39559.88,37365.0,38092.97,79541.307119,79541.307119
2021-06-18,38092.97,38202.84,35129.29,35819.84,95228.042935,95228.042935
2021-06-19,35820.48,36457.0,34803.52,35483.72,68712.449461,68712.449461
2021-06-20,35483.72,36137.72,33336.0,35600.16,89878.17085,89878.17085
2021-06-21,35600.17,35750.0,31251.23,31608.93,168778.873159,168778.873159
2021-06-22,31614.12,33298.78,28805.0,32509.56,204208.179762,204208.179762
2021-06-23,32509.56,34881.0,31683.0,33678.07,126966.100563,126966.100563
2021-06-24,33675.07,35298.0,32286.57,34663.09,86625.80426,86625.80426
2021-06-25,34663.08,35500.0,31275.0,31584.45,116061.130356,116061.130356
2021-06-26,31576.09,32730.0,30151.0,32283.65,107820.375287,107820.375287
2021-06-27,32283.65,34749.0,31973.45,34700.34,96613.244211,96613.244211
2021-06-28,34702.49,35297.71,33862.72,34494.89,82222.267819,82222.267819
2021-06-29,34494.89,36600.0,34225.43,35911.73,90788.79622,90788.79622
2021-06-30,35911.72,36100.0,34017.55,35045.0,77152.197634,77152.197634
2021-07-01,35045.0,35057.57,32711.0,33504.69,71708.266112,71708.266112
2021-07-02,33502.33,33977.04,32699.0,33786.55,56172.181378,56172.181378
2021-07-03,33786.54,34945.61,33316.73,34669.13,43044.578641,43044.578641
2021-07-04,34669.12,35967.85,34357.15,35286.51,43703.475789,43703.475789
2021-07-05,35288.13,35293.78,33125.55,33690.14,64123.874245,64123.874245
2021-07-06,33690.15,35118.88,33532.0,34220.01,58210.596349,58210.596349
2021-07-07,34220.02,35059.09,33777.77,33862.12,53807.521675,53807.521675
2021-07-08,33862.11,33929.64,32077.0,32875.71,70136.48032,70136.48032
2021-07-09,32875.71,34100.0,32261.07,33815.81,47153.939899,47153.939899
2021-07-10,33815.81,34262.0,33004.78,33502.87,34761.175468,34761.175468
2021-07-11,33502.87,34666.0,33306.47,34258.99,31572.647448,31572.647448
2021-07-12,34259.0,34678.43,32658.34,33086.63,48181.403762,48181.403762
2021-07-13,33086.94,33340.0,32202.25,32729.77,41126.361008,41126.361008
2021-07-14,32729.12,33114.03,31550.0,32820.02,46777.823484,46777.823484
2021-07-15,32820.03,33185.25,31133.0,31880.0,51639.576353,51639.576353
2021-07-16,31874.49,32249.18,31020.0,31383.87,48499.864154,48499.864154
2021-07-17,31383.86,31955.92,31164.31,31520.07,34012.242132,34012.242132
2021-07-18,31520.07,32435.0,31108.97,31778.56,35923.716186,35923.716186
2021-07-19,31778.57,31899.0,30407.44,30839.65,47340.468499,47340.468499
2021-07-20,30839.65,31063.07,29278.0,29790.35,61034.049017,61034.049017
2021-07-21,29790.34,32858.0,29482.61,32144.51,82796.265128,82796.265128
2021-07-22,32144.51,32591.35,31708.0,32287.83,46148.092433,46148.092433
2021-07-23,32287.58,33650.0,31924.32,33634.09,50112.863626,50112.863626
2021-07-24,33634.1,34500.0,33401.14,34258.14,47977.550138,47977.550138
2021-07-25,34261.51,35398.0,33851.12,35381.02,47852.928313,47852.928313
2021-07-26,35381.02,40550.0,35205.78,37237.6,152452.512724,152452.512724
2021-07-27,37241.33,39542.61,36383.0,39457.87,88397.267015,88397.267015
2021-07-28,39456.61,40900.0,38772.0,40019.56,101344.528441,101344.528441
2021-07-29,40019.57,40640.0,39200.0,40016.48,53998.439283,53998.439283
2021-07-30,40018.49,42316.71,38313.23,42206.37,73602.784805,73602.784805
2021-07-31,42206.36,42448.0,41000.15,41461.83,44849.791012,44849.791012
2021-08-01,41461.84,42599.0,39422.01,39845.44,53953.186326,53953.186326
2021-08-02,39850.27,40480.01,38690.0,39147.82,50837.351954,50837.351954
2021-08-03,39146.86,39780.0,37642.03,38207.05,57117.435853,57117.435853
2021-08-04,38207.04,39969.66,37508.56,39723.18,52329.35243,52329.35243
2021-08-05,39723.17,41350.0,37332.7,40862.46,84343.755621,84343.755621
2021-08-06,40862.46,43392.43,39853.86,42836.87,75753.941347,75753.941347
2021-08-07,42836.87,44700.0,42446.41,44572.54,73396.740808,73396.740808
2021-08-08,44572.54,45310.0,43261.0,43794.37,69329.092698,69329.092698
2021-08-09,43794.36,46454.15,42779.0,46253.4,74587.884845,74587.884845
2021-08-10,46248.87,46700.0,44589.46,45584.99,53814.643421,53814.643421
2021-08-11,45585.0,46743.47,45341.14,45511.0,52734.901977,52734.901977
2021-08-12,45510.67,46218.12,43770.0,44399.0,55266.108781,55266.108781
2021-08-13,44400.06,47886.0,44217.39,47800.0,48239.370431,48239.370431
2021-08-14,47799.99,48144.0,45971.03,47068.51,46114.359022,46114.359022
2021-08-15,47068.5,47372.27,45500.0,46973.82,42110.711334,42110.711334
2021-08-16,46973.82,48053.83,45660.0,45901.29,52480.574014,52480.574014
2021-08-17,45901.3,47160.0,44376.0,44695.95,57039.341629,57039.341629
2021-08-18,44695.95,46000.0,44203.28,44705.29,54099.415985,54099.415985
2021-08-19,44699.37,47033.0,43927.7,46760.62,53411.75392,53411.75392
2021-08-20,46760.62,49382.99,46622.99,49322.47,56850.352228,56850.352228
2021-08-21,49322.47,49757.04,48222.0,48821.87,46745.136584,46745.136584
2021-08-22,48821.88,49500.0,48050.0,49239.22,37007.887795,37007.887795
2021-08-23,49239.22,50500.0,49029.0,49488.85,52462.541954,52462.541954
2021-08-24,49488.85,49860.0,47600.0,47674.01,51014.594748,51014.594748
2021-08-25,47674.01,49264.3,47126.28,48973.32,44655.830342,44655.830342
2021-08-26,48973.32,49352.84,46250.0,46843.87,49371.277774,49371.277774
2021-08-27,46843.86,49149.93,46348.0,49069.9,42068.104965,42068.104965
2021-08-28,49069.9,49299.0,48346.88,48895.35,26681.063786,26681.063786
2021-08-29,48895.35,49632.27,47762.54,48767.83,32652.283473,32652.283473
2021-08-30,48767.84,48888.61,46853.0,46982.91,40288.35083,40288.35083
2021-08-31,46982.91,48246.11,46700.0,47100.89,48645.52737,48645.52737
2021-09-01,47100.89,49156.0,46512.0,48810.52,49904.65528,49904.65528
2021-09-02,48810.51,50450.13,48584.06,49246.64,54410.770538,54410.770538
2021-09-03,49246.63,51000.0,48316.84,49999.14,59025.644157,59025.644157
2021-09-04,49998.0,50535.69,49370.0,49915.64,34664.65959,34664.65959
2021-09-05,49917.54,51900.0,49450.0,51756.88,40544.835873,40544.835873
2021-09-06,51756.88,52780.0,50969.33,52663.9,49249.667081,49249.667081
2021-09-07,52666.2,52920.0,42843.05,46863.73,123048.802719,123048.802719
2021-09-08,46868.57,47340.99,44412.02,46048.31,65069.3152,65069.3152
2021-09-09,46048.31,47399.97,45513.08,46395.14,50651.66002,50651.66002
2021-09-10,46395.14,47033.0,44132.29,44850.91,49048.26618,49048.26618
2021-09-11,44842.2,45987.93,44722.22,45173.69,30440.4081,30440.4081
2021-09-12,45173.68,46460.0,44742.06,46025.24,32094.28052,32094.28052
2021-09-13,46025.23,46880.0,43370.0,44940.73,65429.15056,65429.15056
2021-09-14,44940.72,47250.0,44594.44,47111.52,44855.85099,44855.85099
2021-09-15,47103.28,48500.0,46682.32,48121.41,43204.71174,43204.71174
2021-09-16,48121.4,48557.0,47021.1,47737.82,40725.08895,40725.08895
2021-09-17,47737.81,48150.0,46699.56,47299.98,34461.92776,34461.92776
2021-09-18,47299.98,48843.2,47035.56,48292.74,30906.47038,30906.47038
2021-09-19,48292.75,48372.83,46829.18,47241.75,29847.24349,29847.24349
2021-09-20,47241.75,47347.25,42500.0,43015.62,78003.524443,78003.524443
2021-09-21,43016.64,43639.0,39600.0,40734.38,84534.080485,84534.080485
2021-09-22,40734.09,44000.55,40565.39,43543.61,58349.05542,58349.05542
2021-09-23,43546.37,44978.0,43069.09,44865.26,48699.57655,48699.57655
2021-09-24,44865.26,45200.0,40675.0,42810.57,84113.426292,84113.426292
2021-09-25,42810.58,42966.84,41646.28,42670.64,33594.57189,33594.57189
2021-09-26,42670.63,43950.0,40750.0,43160.9,49879.99765,49879.99765
2021-09-27,43160.9,44350.0,42098.0,42147.35,39776.84383,39776.84383
2021-09-28,42147.35,42787.38,40888.0,41026.54,43372.2624,43372.2624
2021-09-29,41025.01,42590.0,40753.88,41524.28,33511.53487,33511.53487
2021-09-30,41524.29,44141.37,41410.17,43824.1,46381.22781,46381.22781
2021-10-01,43820.01,48495.0,43283.03,48141.61,66244.87492,66244.87492
2021-10-02,48141.6,48336.59,47430.18,47634.9,30508.98131,30508.98131
2021-10-03,47634.89,49228.08,47088.0,48200.01,30825.05601,30825.05601
2021-10-04,48200.01,49536.12,46891.0,49224.94,46796.49372,46796.49372
2021-10-05,49224.93,51886.3,49022.4,51471.99,52125.66793,52125.66793
2021-10-06,51471.99,55750.0,50382.41,55315.0,79877.545181,79877.545181
2021-10-07,55315.0,55332.31,53357.0,53785.22,54917.37766,54917.37766
2021-10-08,53785.22,56100.0,53617.61,53951.43,46160.25785,46160.25785
2021-10-09,53955.67,55489.0,53661.67,54949.72,55177.08013,55177.08013
2021-10-10,54949.72,56561.31,54080.0,54659.0,89237.836128,89237.836128
2021-10-11,54659.01,57839.04,54415.06,57471.35,52933.165751,52933.165751
2021-10-12,57471.35,57680.0,53879.0,55996.93,53471.2855,53471.2855
2021-10-13,55996.91,57777.0,54167.19,57367.0,55808.44492,55808.44492
2021-10-14,57370.83,58532.54,56818.05,57347.94,43053.336781,43053.336781
2021-10-15,57347.94,62933.0,56850.0,61672.42,82512.908022,82512.908022
2021-10-16,61672.42,62378.42,60150.0,60875.57,35467.88096,35467.88096
2021-10-17,60875.57,61718.39,58963.0,61528.33,39099.24124,39099.24124
2021-10-18,61528.32,62695.78,59844.45,62009.84,51798.44844,51798.44844
2021-10-19,62005.6,64486.0,61322.22,64280.59,53628.107744,53628.107744
2021-10-20,64280.59,67000.0,63481.4,66001.41,51428.934856,51428.934856
2021-10-21,66001.4,66639.74,62000.0,62193.15,68538.64537,68538.64537
2021-10-22,62193.15,63732.39,60000.0,60688.22,52119.35886,52119.35886
2021-10-23,60688.23,61747.64,59562.15,61286.75,27626.93678,27626.93678
2021-10-24,61286.75,61500.0,59510.63,60852.22,31226.57676,31226.57676
2021-10-25,60852.22,63710.63,60650.0,63078.78,36853.83806,36853.83806
2021-10-26,63078.78,63293.48,59817.55,60328.81,40217.50083,40217.50083
2021-10-27,60328.81,61496.0,58000.0,58413.44,62124.49016,62124.49016
2021-10-28,58413.44,62499.0,57820.0,60575.89,61056.35301,61056.35301
2021-10-29,60575.9,62980.0,60174.81,62253.71,43973.90414,43973.90414
2021-10-30,62253.7,62359.25,60673.0,61859.19,31478.12566,31478.12566
2021-10-31,61859.19,62405.3,59945.36,61299.8,39267.63794,39267.63794
2021-11-01,61299.81,62437.74,59405.0,60911.11,44687.66672,44687.66672
2021-11-02,60911.12,64270.0,60624.68,63219.99,46368.2841,46368.2841
2021-11-03,63220.57,63500.0,60382.76,62896.48,43336.09049,43336.09049
2021-11-04,62896.49,63086.31,60677.01,61395.01,35930.93314,35930.93314
2021-11-05,61395.01,62595.72,60721.0,60937.12,31604.48749,31604.48749
2021-11-06,60940.18,61560.49,60050.0,61470.61,25590.57408,25590.57408
2021-11-07,61470.62,63286.35,61322.78,63273.59,25515.6883,25515.6883
2021-11-08,63273.58,67789.0,63273.58,67525.83,54442.094554,54442.094554
2021-11-09,67525.82,68524.25,66222.4,66947.66,44661.378068,44661.378068
2021-11-10,66947.67,69000.0,62822.9,64882.43,65171.504046,65171.504046
2021-11-11,64882.42,65600.07,64100.0,64774.26,37237.98058,37237.98058
2021-11-12,64774.25,65450.7,62278.0,64122.23,44490.10816,44490.10816
2021-11-13,64122.22,65000.0,63360.22,64380.0,22504.97383,22504.97383
2021-11-14,64380.01,65550.51,63576.27,65519.1,25705.07347,25705.07347
2021-11-15,65519.11,66401.82,63400.0,63606.74,37829.37124,37829.37124
2021-11-16,63606.73,63617.31,58574.07,60058.87,77455.15609,77455.15609
2021-11-17,60058.87,60840.23,58373.0,60344.87,46289.38491,46289.38491
2021-11-18,60344.86,60976.0,56474.26,56891.62,62146.99931,62146.99931
2021-11-19,56891.62,58320.0,55600.0,58052.24,50715.88726,50715.88726
2021-11-20,58057.1,59845.0,57353.0,59707.51,33811.5901,33811.5901
2021-11-21,59707.52,60029.76,58486.65,58622.02,31902.22785,31902.22785
2021-11-22,58617.7,59444.0,55610.0,56247.18,51724.32047,51724.32047
2021-11-23,56243.83,58009.99,55317.0,57541.27,49917.85017,49917.85017
2021-11-24,57541.26,57735.0,55837.0,57138.29,39612.04964,39612.04964
2021-11-25,57138.29,59398.9,57000.0,58960.36,42153.51522,42153.51522
2021-11-26,58960.37,59150.0,53500.0,53726.53,65927.87066,65927.87066
2021-11-27,53723.72,55280.0,53610.0,54721.03,29716.99957,29716.99957
2021-11-28,54716.47,57445.05,53256.64,57274.88,36163.7137,36163.7137
2021-11-29,57274.89,58865.97,56666.67,57776.25,40125.28009,40125.28009
2021-11-30,57776.25,59176.99,55875.55,56950.56,49161.05194,49161.05194
2021-12-01,56950.56,59053.55,56458.01,57184.07,44956.63656,44956.63656
2021-12-02,57184.07,57375.47,55777.77,56480.34,37574.05976,37574.05976
2021-12-03,56484.26,57600.0,51680.0,53601.05,58927.69027,58927.69027
2021-12-04,53601.05,53859.1,42000.3,49152.47,114203.373748,114203.373748
2021-12-05,49152.46,49699.05,47727.21,49396.33,45580.82012,45580.82012
2021-12-06,49396.32,50891.11,47100.0,50441.92,58571.21575,58571.21575
2021-12-07,50441.91,51936.33,50039.74,50588.95,38253.46877,38253.46877
2021-12-08,50588.95,51200.0,48600.0,50471.19,38425.92466,38425.92466
2021-12-09,50471.19,50797.76,47320.0,47545.59,37692.68665,37692.68665
2021-12-10,47535.9,50125.0,46852.0,47140.54,44233.57391,44233.57391
2021-12-11,47140.54,49485.71,46751.0,49389.99,28889.19358,28889.19358
2021-12-12,49389.99,50777.0,48638.0,50053.9,26017.93421,26017.93421
2021-12-13,50053.9,50189.97,45672.75,46702.75,50869.52093,50869.52093
2021-12-14,46702.76,48700.41,46290.0,48343.28,39955.98445,39955.98445
2021-12-15,48336.95,49500.0,46547.0,48864.98,51629.181,51629.181
2021-12-16,48864.98,49436.43,47511.0,47632.38,31949.86739,31949.86739
2021-12-17,47632.38,47995.96,45456.0,46131.2,43104.4887,43104.4887
2021-12-18,46133.83,47392.37,45500.0,46834.48,25020.05271,25020.05271
2021-12-19,46834.47,48300.01,46406.91,46681.23,29305.70665,29305.70665
2021-12-20,46681.24,47537.57,45558.85,46914.16,35848.50609,35848.50609
2021-12-21,46914.17,49328.96,46630.0,48889.88,37713.92924,37713.92924
2021-12-22,48887.59,49576.13,48421.87,48588.16,27004.2022,27004.2022
2021-12-23,48588.17,51375.0,47920.42,50838.81,35192.54046,35192.54046
2021-12-24,50838.82,51810.0,50384.43,50820.0,31684.84269,31684.84269
2021-12-25,50819.99,51156.23,50142.32,50399.66,19135.51613,19135.51613
2021-12-26,50399.67,51280.0,49412.0,50775.49,22569.88914,22569.88914
2021-12-27,50775.48,52088.0,50449.0,50701.44,28792.21566,28792.21566
2021-12-28,50701.44,50704.05,47313.01,47543.74,45853.33924,45853.33924
2021-12-29,47543.74,48139.08,46096.99,46464.66,39498.87,39498.87
2021-12-30,46464.66,47900.0,45900.0,47120.87,30352.29569,30352.29569
2021-12-31,47120.88,48548.26,45678.0,46216.93,34937.99796,34937.99796
2022-01-01,46216.93,47954.63,46208.37,47722.65,19604.46325,19604.46325
2022-01-02,47722.66,47990.0,46654.0,47286.18,18340.4604,18340.4604
2022-01-03,47286.18,47570.0,45696.0,46446.1,27662.0771,27662.0771
2022-01-04,46446.1,47557.54,45500.0,45832.01,35491.4136,35491.4136
2022-01-05,45832.01,47070.0,42500.0,43451.13,51784.11857,51784.11857
2022-01-06,43451.14,43816.0,42430.58,43082.31,38880.37305,38880.37305
2022-01-07,43082.3,43145.83,40610.0,41566.48,54836.50818,54836.50818
2022-01-08,41566.48,42300.0,40501.0,41679.74,32952.73111,32952.73111
2022-01-09,41679.74,42786.7,41200.02,41864.62,22724.39426,22724.39426
2022-01-10,41864.62,42248.5,39650.0,41822.49,50729.17019,50729.17019
2022-01-11,41822.49,43100.0,41268.93,42729.29,37296.43729,37296.43729
2022-01-12,42729.29,44322.0,42450.0,43902.66,33943.2928,33943.2928
2022-01-13,43902.65,44500.0,42311.22,42560.11,34910.87762,34910.87762
2022-01-14,42558.35,43448.78,41725.95,43059.96,32640.88292,32640.88292
2022-01-15,43059.96,43800.0,42555.0,43084.29,21936.05616,21936.05616
2022-01-16,43084.29,43475.0,42581.79,43071.66,20602.35271,20602.35271
2022-01-17,43071.66,43176.18,41540.42,42201.62,27562.08613,27562.08613
2022-01-18,42201.63,42691.0,41250.0,42352.12,29324.08257,29324.08257
2022-01-19,42352.12,42559.13,41138.56,41660.01,31685.72159,31685.72159
2022-01-20,41660.0,43505.0,40553.31,40680.91,42330.33953,42330.33953
2022-01-21,40680.92,41100.0,35440.45,36445.31,88860.891999,88860.891999
2022-01-22,36445.31,36835.22,34008.0,35071.42,90471.338961,90471.338961
2022-01-23,35071.42,36499.0,34601.01,36244.55,44279.52354,44279.52354
2022-01-24,36244.55,37550.0,32917.17,36660.35,91904.753211,91904.753211
2022-01-25,36660.35,37545.14,35701.0,36958.32,49232.40183,49232.40183
2022-01-26,36958.32,38919.98,36234.63,36809.34,69830.16036,69830.16036
2022-01-27,36807.24,37234.47,35507.01,37160.1,53020.87934,53020.87934
2022-01-28,37160.11,38000.0,36155.01,37716.56,42154.26956,42154.26956
2022-01-29,37716.57,38720.74,37268.44,38166.84,26129.49682,26129.49682
2022-01-30,38166.83,38359.26,37351.63,37881.76,21430.66527,21430.66527
2022-01-31,37881.75,38744.0,36632.61,38466.9,36855.2458,36855.2458
2022-02-01,38466.9,39265.2,38000.0,38694.59,34574.44663,34574.44663
2022-02-02,38694.59,38855.92,36586.95,36896.36,35794.6813,35794.6813
2022-02-03,36896.37,37387.0,36250.0,37311.61,32081.10999,32081.10999
2022-02-04,37311.98,41772.33,37026.73,41574.25,64703.95874,64703.95874
2022-02-05,41571.7,41913.69,40843.01,41382.59,32532.34372,32532.34372
2022-02-06,41382.6,42656.0,41116.56,42380.87,22405.16704,22405.16704
2022-02-07,42380.87,44500.5,41645.85,43839.99,51060.62006,51060.62006
2022-02-08,43839.99,45492.0,42666.0,44042.99,64880.29387,64880.29387
2022-02-09,44043.0,44799.0,43117.92,44372.72,34428.16729,34428.16729
2022-02-10,44372.71,45821.0,43174.01,43495.44,62357.29091,62357.29091
2022-02-11,43495.44,43920.0,41938.51,42373.73,44975.1687,44975.1687
2022-02-12,42373.73,43079.49,41688.88,42217.87,26556.85681,26556.85681
2022-02-13,42217.87,42760.0,41870.0,42053.66,17732.08113,17732.08113
2022-02-14,42053.65,42842.4,41550.56,42535.94,34010.1306,34010.1306
2022-02-15,42535.94,44751.4,42427.03,44544.86,38095.19576,38095.19576
2022-02-16,44544.85,44549.97,43307.0,43873.56,28471.8727,28471.8727
2022-02-17,43873.56,44164.71,40073.21,40515.7,47245.99494,47245.99494
2022-02-18,40515.71,40959.88,39450.0,39974.44,43845.92241,43845.92241
2022-02-19,39974.45,40444.32,39639.03,40079.17,18042.0551,18042.0551
2022-02-20,40079.17,40125.44,38000.0,38386.89,33439.29011,33439.29011
2022-02-21,38386.89,39494.35,36800.0,37008.16,62347.68496,62347.68496
2022-02-22,37008.16,38429.0,36350.0,38230.33,53785.94589,53785.94589
2022-02-23,38230.33,39249.93,37036.79,37250.01,43560.732,43560.732
2022-02-24,37250.02,39843.0,34322.28,38327.21,120476.29458,120476.29458
2022-02-25,38328.68,39683.53,38014.37,39219.17,56574.57125,56574.57125
2022-02-26,39219.16,40348.45,38573.18,39116.72,29361.2568,29361.2568
2022-02-27,39116.73,39855.7,37000.0,37699.07,46229.44719,46229.44719
2022-02-28,37699.08,44225.84,37450.17,43160.0,73945.63858,73945.63858
2022-03-01,43160.0,44949.0,42809.98,44421.2,61743.09873,61743.09873
2022-03-02,44421.2,45400.0,43334.09,43892.98,57782.65081,57782.65081
2022-03-03,43892.99,44101.12,41832.28,42454.0,50940.61021,50940.61021
2022-03-04,42454.0,42527.3,38550.0,39148.66,61964.68498,61964.68498
2022-03-05,39148.65,39613.24,38407.59,39397.96,30363.13341,30363.13341
2022-03-06,39397.97,39693.87,38088.57,38420.81,39677.26158,39677.26158
2022-03-07,38420.8,39547.57,37155.0,37988.0,63994.11559,63994.11559
2022-03-08,37988.01,39362.08,37867.65,38730.63,55583.06638,55583.06638
2022-03-09,38730.63,42594.06,38656.45,41941.71,67392.58799,67392.58799
2022-03-10,41941.7,42039.63,38539.73,39422.0,71962.93154,71962.93154
2022-03-11,39422.01,40236.26,38223.6,38729.57,59018.7642,59018.7642
2022-03-12,38729.57,39486.71,38660.52,38807.36,24034.36432,24034.36432
2022-03-13,38807.35,39310.0,37578.51,37777.34,32791.82359,32791.82359
2022-03-14,37777.35,39947.12,37555.0,39671.37,46945.45375,46945.45375
2022-03-15,39671.37,39887.61,38098.33,39280.33,46015.54926,46015.54926
2022-03-16,39280.33,41718.0,38828.48,41114.0,88120.76167,88120.76167
2022-03-17,41114.01,41478.82,40500.0,40917.9,37189.38087,37189.38087
2022-03-18,40917.89,42325.02,40135.04,41757.51,45408.00969,45408.00969
2022-03-19,41757.51,42400.0,41499.29,42201.13,29067.18108,29067.18108
2022-03-20,42201.13,42296.26,40911.0,41262.11,30653.33468,30653.33468
2022-03-21,41262.11,41544.22,40467.94,41002.25,39426.24877,39426.24877
2022-03-22,41002.26,43361.0,40875.51,42364.13,59454.94294,59454.94294
2022-03-23,42364.13,43025.96,41751.47,42882.76,40828.87039,40828.87039
2022-03-24,42882.76,44220.89,42560.46,43991.46,56195.12374,56195.12374
2022-03-25,43991.46,45094.14,43579.0,44313.16,54614.43648,54614.43648
2022-03-26,44313.16,44792.99,44071.97,44511.27,23041.61741,23041.61741
2022-03-27,44511.27,46999.0,44421.46,46827.76,41874.91071,41874.91071
2022-03-28,46827.76,48189.84,46663.56,47122.21,58949.2614,58949.2614
2022-03-29,47122.21,48096.47,46950.85,47434.8,36772.28457,36772.28457
2022-03-30,47434.79,47700.22,46445.42,47067.99,40947.2085,40947.2085
2022-03-31,47067.99,47600.0,45200.0,45510.34,48645.12667,48645.12667
2022-04-01,45510.35,46720.09,44200.0,46283.49,56271.06474,56271.06474
2022-04-02,46283.49,47213.0,45620.0,45811.0,37073.53582,37073.53582
2022-04-03,45810.99,47444.11,45530.92,46407.35,33394.67794,33394.67794
2022-04-04,46407.36,46890.71,45118.0,46580.51,44641.87514,44641.87514
2022-04-05,46580.5,47200.0,45353.81,45497.55,42192.74852,42192.74852
2022-04-06,45497.54,45507.14,43121.0,43170.47,60849.32936,60849.32936
2022-04-07,43170.47,43900.99,42727.35,43444.19,37396.54156,37396.54156
2022-04-08,43444.2,43970.62,42107.14,42252.01,42375.04203,42375.04203
2022-04-09,42252.02,42800.0,42125.48,42753.97,17891.66047,17891.66047
2022-04-10,42753.96,43410.3,41868.0,42158.85,22771.09403,22771.09403
2022-04-11,42158.85,42414.71,39200.0,39530.45,63560.44721,63560.44721
2022-04-12,39530.45,40699.0,39254.63,40074.94,57751.01778,57751.01778
2022-04-13,40074.95,41561.31,39588.54,41147.79,41342.27254,41342.27254
2022-04-14,41147.78,41500.0,39551.94,39942.38,36807.01401,36807.01401
2022-04-15,39942.37,40870.36,39766.4,40551.9,24026.35739,24026.35739
2022-04-16,40551.9,40709.35,39991.55,40378.71,15805.44718,15805.44718
2022-04-17,40378.7,40595.67,39546.17,39678.12,19988.49259,19988.49259
2022-04-18,39678.11,41116.73,38536.51,40801.13,54243.49575,54243.49575
2022-04-19,40801.13,41760.0,40571.0,41493.18,35788.85843,35788.85843
2022-04-20,41493.19,42199.0,40820.0,41358.19,40877.35041,40877.35041
2022-04-21,41358.19,42976.0,39751.0,40480.01,59316.27657,59316.27657
2022-04-22,40480.01,40795.06,39177.0,39709.18,46664.0196,46664.0196
2022-04-23,39709.19,39980.0,39285.0,39441.6,20291.42375,20291.42375
2022-04-24,39441.61,39940.0,38929.62,39450.13,26703.61186,26703.61186
2022-04-25,39450.12,40616.0,38200.0,40426.08,63037.12784,63037.12784
2022-04-26,40426.08,40797.31,37702.26,38112.65,66650.258,66650.258
2022-04-27,38112.64,39474.72,37881.31,39235.72,57083.12272,57083.12272
2022-04-28,39235.72,40372.63,38881.43,39742.07,56086.6715,56086.6715
2022-04-29,39742.06,39925.25,38175.0,38596.11,51453.65715,51453.65715
2022-04-30,38596.11,38795.38,37578.2,37630.8,35321.18989,35321.18989
2022-05-01,37630.8,38675.0,37386.38,38468.35,38812.24104,38812.24104
2022-05-02,38468.35,39167.34,38052.0,38525.16,53200.92628,53200.92628
2022-05-03,38525.16,38651.51,37517.8,37728.95,40316.45358,40316.45358
2022-05-04,37728.95,40023.77,37670.0,39690.0,62574.61736,62574.61736
2022-05-05,39690.0,39845.51,35571.9,36552.97,88722.43355,88722.43355
2022-05-06,36552.97,36675.63,35258.0,36013.77,68437.80187,68437.80187
2022-05-07,36013.77,36146.3,34785.0,35472.39,34281.70682,34281.70682
2022-05-08,35472.4,35514.22,33713.95,34038.4,72445.64344,72445.64344
2022-05-09,34038.39,34243.15,30033.33,30076.31,191876.926428,191876.926428
2022-05-10,30074.23,32658.99,29730.4,31017.1,165532.00311,165532.00311
2022-05-11,31017.11,32162.59,27785.0,29103.94,207063.739278,207063.739278
2022-05-12,29103.94,30243.0,26700.0,29029.75,204507.263138,204507.263138
2022-05-13,29029.74,31083.37,28751.67,29287.05,97872.36957,97872.36957
2022-05-14,29287.05,30343.27,28630.0,30086.74,51095.87863,51095.87863
2022-05-15,30086.74,31460.0,29480.0,31328.89,46275.66912,46275.66912
2022-05-16,31328.89,31328.9,29087.04,29874.01,73082.19658,73082.19658
2022-05-17,29874.01,30788.37,29450.38,30444.93,56724.13307,56724.13307
2022-05-18,30444.93,30709.99,28654.47,28715.32,59749.15799,59749.15799
2022-05-19,28715.33,30545.18,28691.38,30319.23,67877.36415,67877.36415
2022-05-20,30319.22,30777.33,28730.0,29201.01,60517.25325,60517.25325
2022-05-21,29201.01,29656.18,28947.28,29445.06,20987.13124,20987.13124
2022-05-22,29445.07,30487.99,29255.11,30293.94,36158.98748,36158.98748
2022-05-23,30293.93,30670.51,28866.35,29109.15,63901.49932,63901.49932
2022-05-24,29109.14,29845.86,28669.0,29654.58,59442.96036,59442.96036
2022-05-25,29654.58,30223.74,29294.21,29542.15,59537.38659,59537.38659
2022-05-26,29542.14,29886.64,28019.56,29201.35,94581.65463,94581.65463
2022-05-27,29201.35,29397.66,28282.9,28629.8,90998.5201,90998.5201
2022-05-28,28629.81,29266.0,28450.0,29031.33,34479.35127,34479.35127
2022-05-29,29031.33,29587.78,28839.21,29468.1,27567.34764,27567.34764
2022-05-30,29468.1,32222.0,29299.62,31734.22,96785.9476,96785.9476
2022-05-31,31734.23,32399.0,31200.01,31801.04,62433.11632,62433.11632
2022-06-01,31801.05,31982.97,29301.0,29805.83,103395.63382,103395.63382
2022-06-02,29805.84,30689.0,29594.55,30452.62,56961.42928,56961.42928
2022-06-03,30452.63,30699.0,29282.36,29700.21,54067.44727,54067.44727
2022-06-04,29700.21,29988.88,29485.0,29864.04,25617.90113,25617.90113
2022-06-05,29864.03,30189.0,29531.42,29919.21,23139.9281,23139.9281
2022-06-06,29919.2,31765.64,29890.23,31373.1,68836.92456,68836.92456
2022-06-07,31373.1,31589.6,29218.96,31125.33,110674.51658,110674.51658
2022-06-08,31125.32,31327.22,29843.88,30204.77,68542.61276,68542.61276
2022-06-09,30204.77,30700.0,29944.1,30109.93,46291.1865,46291.1865
2022-06-10,30109.93,30382.8,28850.0,29091.88,76204.2498,76204.2498
2022-06-11,29091.87,29440.41,28099.99,28424.7,65901.39895,65901.39895
2022-06-12,28424.71,28544.96,26560.0,26574.53,92474.598809,92474.598809
2022-06-13,26574.53,26895.84,21925.77,22487.41,254611.034966,254611.034966
2022-06-14,22485.27,23362.88,20846.0,22136.41,187201.64671,187201.64671
2022-06-15,22136.42,22800.0,20111.62,22583.72,200774.493467,200774.493467
2022-06-16,22583.72,22995.73,20232.0,20401.31,99673.59429,99673.59429
2022-06-17,20400.6,21365.43,20246.66,20468.81,86694.33663,86694.33663
2022-06-18,20468.81,20792.06,17622.0,18970.79,196441.655524,196441.655524
2022-06-19,18970.79,20815.95,17960.41,20574.0,128320.87595,128320.87595
2022-06-20,20574.0,21090.0,19637.03,20573.89,109028.94154,109028.94154
2022-06-21,20573.9,21723.0,20348.4,20723.52,104371.0749,104371.0749
2022-06-22,20723.51,20900.0,19770.51,19987.99,92133.97938,92133.97938
2022-06-23,19988.0,21233.0,19890.07,21110.13,83127.08716,83127.08716
2022-06-24,21110.12,21558.41,20736.72,21237.69,77430.36622,77430.36622
2022-06-25,21237.68,21614.5,20906.62,21491.19,51431.67794,51431.67794
2022-06-26,21491.18,21888.0,20964.73,21038.07,53278.10464,53278.10464
2022-06-27,21038.08,21539.85,20510.0,20742.56,64475.0013,64475.0013
2022-06-28,20742.57,21212.1,20202.01,20281.29,63801.0832,63801.0832
2022-06-29,20281.28,20432.31,19854.92,20123.01,77309.04379,77309.04379
2022-06-30,20123.0,20179.08,18626.0,19942.21,93846.64806,93846.64806
2022-07-01,19942.21,20918.35,18975.0,19279.8,111844.59494,111844.59494
2022-07-02,19279.8,19467.39,18977.01,19252.81,46180.3021,46180.3021
2022-07-03,19252.82,19647.63,18781.0,19315.83,51087.46631,51087.46631
2022-07-04,19315.83,20354.01,19055.31,20236.71,74814.04601,74814.04601
2022-07-05,20236.71,20750.0,19304.4,20175.83,96041.13756,96041.13756
2022-07-06,20175.84,20675.22,19761.25,20564.51,82439.5808,82439.5808
2022-07-07,20564.51,21838.1,20251.68,21624.98,85014.58261,85014.58261
2022-07-08,21624.99,22527.37,21189.26,21594.75,403081.57349,403081.57349
2022-07-09,21594.75,21980.0,21322.12,21591.83,178417.84468,178417.84468
2022-07-10,21592.15,21607.65,20655.0,20862.47,192188.21556,192188.21556
2022-07-11,20861.11,20868.48,19875.23,19963.61,137535.40724,137535.40724
2022-07-12,19963.61,20059.42,19240.0,19328.75,139506.45862,139506.45862
2022-07-13,19331.28,20366.61,18910.94,20234.87,209250.24888,209250.24888
2022-07-14,20234.87,20900.0,19616.07,20588.84,174809.21696,174809.21696
2022-07-15,20588.84,21200.0,20382.29,20830.04,143343.3049,143343.3049
2022-07-16,20830.04,21588.94,20478.61,21195.6,121011.67393,121011.67393
2022-07-17,21195.6,21684.54,20750.01,20798.16,118229.4525,118229.4525
2022-07-18,20799.58,22777.63,20762.45,22432.58,239942.73132,239942.73132
2022-07-19,22432.58,23800.0,21579.54,23396.62,263770.76574,263770.76574
2022-07-20,23398.48,24276.74,22906.19,23223.3,238762.17094,238762.17094
2022-07-21,23223.3,23442.77,22341.46,23152.19,184817.68191,184817.68191
2022-07-22,23152.19,23756.49,22500.0,22684.83,171598.43966,171598.43966
2022-07-23,22684.83,23000.77,21934.57,22451.07,122137.77375,122137.77375
2022-07-24,22448.58,23014.64,22257.15,22579.68,115189.67277,115189.67277
2022-07-25,22577.13,22666.0,21250.0,21310.9,180344.76643,180344.76643
2022-07-26,21310.9,21347.82,20706.5,21254.67,177817.24326,177817.24326
2022-07-27,21254.67,23112.63,21042.53,22952.45,210971.19796,210971.19796
2022-07-28,22954.31,24199.72,22582.13,23842.93,236029.0741,236029.0741
2022-07-29,23845.25,24442.66,23414.03,23773.75,198298.50623,198298.50623
2022-07-30,23777.28,24668.0,23502.25,23643.51,151060.13211,151060.13211
2022-07-31,23644.64,24194.82,23227.31,23293.32,127743.32483,127743.32483
2022-08-01,23296.36,23509.68,22850.0,23268.01,144210.16219,144210.16219
2022-08-02,23266.9,23459.89,22654.37,22987.79,158073.28225,158073.28225
2022-08-03,22985.93,23647.68,22681.22,22818.37,145948.80995,145948.80995
2022-08-04,22816.91,23223.32,22400.0,22622.98,154854.67016,154854.67016
2022-08-05,22622.41,23472.86,22586.95,23312.42,175251.69749,175251.69749
2022-08-06,23313.56,23354.36,22909.52,22954.21,83911.80307,83911.80307
2022-08-07,22954.21,23402.0,22844.62,23174.39,88890.00877,88890.00877
2022-08-08,23174.39,24245.0,23154.25,23810.0,170958.44152,170958.44152
2022-08-09,23810.98,23933.25,22865.0,23149.95,143182.50858,143182.50858
2022-08-10,23151.32,24226.0,22664.69,23954.05,208916.54953,208916.54953
2022-08-11,23954.05,24918.54,23852.13,23934.39,249759.79557,249759.79557
2022-08-12,23933.09,24456.5,23583.0,24403.68,174207.5704,174207.5704
2022-08-13,24401.7,24888.0,24291.22,24441.38,152852.25435,152852.25435
2022-08-14,24443.06,25047.56,24144.0,24305.24,151206.14473,151206.14473
2022-08-15,24305.25,25211.32,23773.22,24094.82,242539.54758,242539.54758
2022-08-16,24093.04,24247.49,23671.22,23854.74,179324.94821,179324.94821
2022-08-17,23856.15,24446.71,23180.4,23342.66,210668.68766,210668.68766
2022-08-18,23342.66,23600.0,23111.04,23191.2,144185.97011,144185.97011
2022-08-19,23191.45,23208.67,20783.57,20834.39,283995.87747,283995.87747
2022-08-20,20834.39,21382.85,20761.9,21140.07,183041.68363,183041.68363
2022-08-21,21140.07,21800.0,21069.11,21515.61,159200.6841,159200.6841
2022-08-22,21516.7,21548.71,20890.18,21399.83,222222.04526,222222.04526
2022-08-23,21400.75,21684.87,20890.14,21529.12,200967.77164,200967.77164
2022-08-24,21529.11,21900.0,21145.0,21368.08,174383.22046,174383.22046
2022-08-25,21368.05,21819.88,21310.15,21559.04,169915.78301,169915.78301
2022-08-26,21559.04,21886.77,20107.9,20241.05,273811.61955,273811.61955
2022-08-27,20239.14,20402.93,19800.0,20037.6,162582.46032,162582.46032
2022-08-28,20037.6,20171.18,19520.0,19555.61,139307.95976,139307.95976
2022-08-29,19555.61,20433.62,19550.79,20285.73,210509.49545,210509.49545
2022-08-30,20287.2,20576.25,19540.0,19811.66,256634.35529,256634.35529
2022-08-31,19813.03,20490.0,19797.94,20050.02,276946.60765,276946.60765
2022-09-01,20048.44,20208.37,19565.66,20131.46,245289.97263,245289.97263
2022-09-02,20132.64,20441.26,19755.29,19951.86,245986.6033,245986.6033
2022-09-03,19950.98,20055.93,19652.72,19831.9,146639.03204,146639.03204
2022-09-04,19832.45,20029.23,19583.1,20000.3,145588.77893,145588.77893
2022-09-05,20000.3,20057.27,19633.83,19796.84,222543.01057,222543.01057
2022-09-06,19795.34,20180.0,18649.51,18790.61,356315.05718,356315.05718
2022-09-07,18790.61,19464.06,18510.77,19292.84,287394.7788,287394.7788
2022-09-08,19292.85,19458.25,19012.0,19319.77,262813.28273,262813.28273
2022-09-09,19320.54,21597.22,19291.75,21360.11,428919.74652,428919.74652
2022-09-10,21361.62,21810.8,21111.13,21648.34,307997.33504,307997.33504
2022-09-11,21647.21,21860.0,21350.0,21826.87,280702.55149,280702.55149
2022-09-12,21826.87,22488.0,21538.51,22395.74,395395.61828,395395.61828
2022-09-13,22395.44,22799.0,19860.0,20173.57,431915.03333,431915.03333
2022-09-14,20173.62,20541.48,19617.62,20226.71,340826.40151,340826.40151
2022-09-15,20227.17,20330.24,19497.0,19701.88,333069.76076,333069.76076
2022-09-16,19701.88,19890.0,19320.01,19803.3,283791.07064,283791.07064
2022-09-17,19803.3,20189.0,19748.08,20113.62,179350.24338,179350.24338
2022-09-18,20112.61,20117.26,19335.62,19416.18,254217.46904,254217.46904
2022-09-19,19417.45,19686.2,18232.56,19537.02,380512.40306,380512.40306
2022-09-20,19537.02,19634.62,18711.87,18875.0,324098.3286,324098.3286
2022-09-21,18874.31,19956.0,18125.98,18461.36,385034.10021,385034.10021
2022-09-22,18461.36,19550.17,18356.39,19401.63,379321.72111,379321.72111
2022-09-23,19401.63,19500.0,18531.42,19289.91,385886.91829,385886.91829
2022-09-24,19288.57,19316.14,18805.34,18920.5,239496.56746,239496.56746
2022-09-25,18921.99,19180.21,18629.2,18807.38,191191.4492,191191.4492
2022-09-26,18809.13,19318.96,18680.72,19227.82,439239.21943,439239.21943
2022-09-27,19226.68,20385.86,18816.32,19079.13,593260.74161,593260.74161
2022-09-28,19078.1,19790.0,18471.28,19412.82,521385.45547,521385.45547
2022-09-29,19412.82,19645.52,18843.01,19591.51,406424.93256,406424.93256
2022-09-30,19590.54,20185.0,19155.36,19422.61,444322.9534,444322.9534
2022-10-01,19422.61,19484.0,19159.42,19310.95,165625.13959,165625.13959
2022-10-02,19312.24,19395.91,18920.35,19056.8,206812.47032,206812.47032
2022-10-03,19057.74,19719.1,18959.68,19629.08,293585.75212,293585.75212
2022-10-04,19629.08,20475.0,19490.6,20337.82,327012.00127,327012.00127
2022-10-05,20337.82,20365.6,19730.0,20158.26,312239.75224,312239.75224
2022-10-06,20158.26,20456.6,19853.0,19960.67,320122.1702,320122.1702
2022-10-07,19960.67,20068.82,19320.0,19530.09,220874.83913,220874.83913
2022-10-08,19530.09,19627.38,19237.14,19417.96,102480.09842,102480.09842
2022-10-09,19416.52,19558.0,19316.04,19439.02,113900.82681,113900.82681
2022-10-10,19439.96,19525.0,19020.25,19131.87,212509.09849,212509.09849
2022-10-11,19131.87,19268.09,18860.0,19060.0,243473.84286,243473.84286
2022-10-12,19060.0,19238.31,18965.88,19155.53,213826.26731,213826.26731
2022-10-13,19155.1,19513.79,18190.0,19375.13,399756.68337,399756.68337
2022-10-14,19375.58,19951.87,19070.37,19176.93,351634.32601,351634.32601
2022-10-15,19176.93,19227.68,18975.18,19069.39,113847.64232,113847.64232
2022-10-16,19068.4,19425.84,19063.74,19262.98,131894.61885,131894.61885
2022-10-17,19262.98,19676.96,19152.03,19549.86,222813.87634,222813.87634
2022-10-18,19548.48,19706.66,19091.0,19327.44,260313.07848,260313.07848
2022-10-19,19327.44,19360.16,19065.97,19123.97,186137.29538,186137.29538
2022-10-20,19123.35,19347.82,18900.0,19041.92,223530.13068,223530.13068
2022-10-21,19041.92,19250.0,18650.0,19164.37,269310.75769,269310.75769
2022-10-22,19164.37,19257.0,19112.72,19204.35,110403.90837,110403.90837
2022-10-23,19204.29,19695.0,19070.11,19570.4,167057.20184,167057.20184
2022-10-24,19570.4,19601.15,19157.0,19329.72,256168.14467,256168.14467
2022-10-25,19330.6,20415.87,19237.0,20080.07,326370.67061,326370.67061
2022-10-26,20079.02,21020.0,20050.41,20771.59,380492.69576,380492.69576
2022-10-27,20771.61,20872.21,20200.0,20295.11,328643.57791,328643.57791
2022-10-28,20295.11,20750.0,20000.09,20591.84,287039.94569,287039.94569
2022-10-29,20591.84,21085.0,20554.01,20809.67,254881.77755,254881.77755
2022-10-30,20809.68,20931.21,20515.0,20627.48,192795.60886,192795.60886
2022-10-31,20627.48,20845.92,20237.95,20490.74,303567.61628,303567.61628
2022-11-01,20490.74,20700.0,20330.74,20483.62,279932.43771,279932.43771
2022-11-02,20482.81,20800.0,20048.04,20151.84,373716.27299,373716.27299
2022-11-03,20151.84,20393.32,20031.24,20207.82,319185.1544,319185.1544
2022-11-04,20207.12,21302.05,20180.96,21148.52,453694.39165,453694.39165
2022-11-05,21148.52,21480.65,21080.65,21299.37,245621.98525,245621.98525
2022-11-06,21299.37,21365.27,20886.13,20905.58,230036.97217,230036.97217
2022-11-07,20905.58,21069.77,20384.89,20591.13,386977.60337,386977.60337
2022-11-08,20590.67,20700.88,17166.83,18547.23,760705.362783,760705.362783
2022-11-09,18545.38,18587.76,15588.0,15922.81,731926.929729,731926.929729
2022-11-10,15922.68,18199.0,15754.26,17601.15,608448.36432,608448.36432
2022-11-11,17602.45,17695.0,16361.6,17070.31,393552.86492,393552.86492
2022-11-12,17069.98,17119.1,16631.39,16812.08,167819.96035,167819.96035
2022-11-13,16813.16,16954.28,16229.0,16329.85,184960.78846,184960.78846
2022-11-14,16331.78,17190.0,15815.21,16619.46,380210.7775,380210.7775
2022-11-15,16617.72,17134.69,16527.72,16900.57,282461.84391,282461.84391
2022-11-16,16900.57,17015.92,16378.61,16662.76,261493.40809,261493.40809
2022-11-17,16661.61,16751.0,16410.74,16692.56,228038.97873,228038.97873
2022-11-18,16692.56,17011.0,16546.04,16700.45,214224.18184,214224.18184
2022-11-19,16699.43,16822.41,16553.53,16700.68,104963.15558,104963.15558
2022-11-20,16700.68,16753.33,16180.0,16280.23,154842.13478,154842.13478
2022-11-21,16279.5,16319.0,15476.0,15781.29,324096.997753,324096.997753
2022-11-22,15781.29,16315.0,15616.63,16226.94,239548.06623,239548.06623
2022-11-23,16227.96,16261.58,16160.2,16210.8,11957.97549,11957.97549
